t,rbank
2016-01-05,0.75%
2016-01-06,0.76%
2016-01-07,-4.07%
2016-01-08,1.18%
2016-01-11,-3.39%
2016-01-12,0.24%
2016-01-13,-0.75%
2016-01-14,0.57%
2016-01-15,-1.87%
2016-01-18,-0.25%
2016-01-19,1.50%
2016-01-20,-1.37%
2016-01-21,-1.45%
2016-01-22,0.72%
2016-01-25,0.16%
2016-01-26,-3.95%
2016-01-27,0.30%
2016-01-28,-1.35%
2016-01-29,1.98%
2016-02-01,-1.67%
2016-02-02,0.87%
2016-02-03,-0.95%
2016-02-04,1.15%
2016-02-05,0.43%
2016-02-15,-0.84%
2016-02-16,1.84%
2016-02-17,0.31%
2016-02-18,-0.15%
2016-02-19,-0.70%
2016-02-22,1.71%
2016-02-23,-1.17%
2016-02-24,0.19%
2016-02-25,-3.13%
2016-02-26,1.03%
2016-02-29,0.33%
2016-03-01,0.29%
2016-03-02,2.10%
2016-03-03,0.88%
2016-03-04,4.17%
2016-03-07,-0.99%
2016-03-08,0.71%
2016-03-09,0.47%
2016-03-10,-2.14%
2016-03-11,-0.07%
2016-03-14,-0.56%
2016-03-15,1.19%
2016-03-16,2.46%
2016-03-17,-1.34%
2016-03-18,-0.04%
2016-03-21,0.66%
2016-03-22,-0.28%
2016-03-23,-0.22%
2016-03-24,-1.15%
2016-03-25,0.20%
2016-03-28,-1.00%
2016-03-29,-0.25%
2016-03-30,2.10%
2016-03-31,-0.30%
2016-04-01,0.71%
2016-04-05,0.22%
2016-04-06,-0.87%
2016-04-07,-0.97%
2016-04-08,-0.05%
2016-04-11,0.71%
2016-04-12,-0.18%
2016-04-13,0.85%
2016-04-14,0.19%
2016-04-15,0.73%
2016-04-18,-0.52%
2016-04-19,0.15%
2016-04-20,0.17%
2016-04-21,0.09%
2016-04-22,0.53%
2016-04-25,-0.16%
2016-04-26,0.27%
2016-04-27,-0.22%
2016-04-28,0.33%
2016-04-29,-0.67%
2016-05-03,0.72%
2016-05-04,-0.02%
2016-05-05,-0.07%
2016-05-06,-1.32%
2016-05-09,-0.92%
2016-05-10,-0.37%
2016-05-11,0.41%
2016-05-12,0.20%
2016-05-13,-0.22%
2016-05-16,0.13%
2016-05-17,-0.41%
2016-05-18,0.74%
2016-05-19,-0.56%
2016-05-20,0.24%
2016-05-23,-0.41%
2016-05-24,-0.78%
2016-05-25,0.71%
2016-05-26,0.23%
2016-05-27,0.07%
2016-05-30,0.88%
2016-05-31,2.03%
2016-06-01,-0.73%
2016-06-02,-0.29%
2016-06-03,0.45%
2016-06-06,-0.78%
2016-06-07,0.10%
2016-06-08,-0.09%
2016-06-13,-1.43%
2016-06-14,0.51%
2016-06-15,0.09%
2016-06-16,-0.32%
2016-06-17,0.36%
2016-06-20,0.13%
2016-06-21,0.11%
2016-06-22,0.32%
2016-06-23,-0.50%
2016-06-24,-1.36%
2016-06-27,0.33%
2016-06-28,-0.03%
2016-06-29,1.02%
2016-06-30,-0.30%
2016-07-01,0.67%
2016-07-04,1.02%
2016-07-05,-0.26%
2016-07-06,-0.31%
2016-07-07,-0.11%
2016-07-08,-1.14%
2016-07-11,0.03%
2016-07-12,1.35%
2016-07-13,-0.35%
2016-07-14,-0.17%
2016-07-15,0.28%
2016-07-18,1.05%
2016-07-19,-0.76%
2016-07-20,-0.61%
2016-07-21,0.45%
2016-07-22,-0.73%
2016-07-25,0.15%
2016-07-26,0.53%
2016-07-27,0.15%
2016-07-28,-0.81%
2016-07-29,0.30%
2016-08-01,0.52%
2016-08-02,-0.27%
2016-08-03,-0.48%
2016-08-04,-0.25%
2016-08-05,0.80%
2016-08-08,0.05%
2016-08-09,0.33%
2016-08-10,0.22%
2016-08-11,1.16%
2016-08-12,2.45%
2016-08-15,2.16%
2016-08-16,-2.00%
2016-08-17,-0.24%
2016-08-18,-0.51%
2016-08-19,0.19%
2016-08-22,-0.04%
2016-08-23,0.26%
2016-08-24,-0.19%
2016-08-25,-0.13%
2016-08-26,-0.11%
2016-08-29,-0.62%
2016-08-30,0.82%
2016-08-31,0.30%
2016-09-01,-0.25%
2016-09-02,0.13%
2016-09-05,0.08%
2016-09-06,-0.52%
2016-09-07,0.17%
2016-09-08,0.03%
2016-09-09,-0.43%
2016-09-12,-1.41%
2016-09-13,0.02%
2016-09-14,-0.92%
2016-09-19,0.61%
2016-09-20,-0.13%
2016-09-21,0.26%
2016-09-22,0.55%
2016-09-23,0.06%
2016-09-26,-0.74%
2016-09-27,0.41%
2016-09-28,-0.51%
2016-09-29,0.39%
2016-09-30,-0.01%
2016-10-10,0.75%
2016-10-11,-0.10%
2016-10-12,-0.41%
2016-10-13,-0.17%
2016-10-14,0.17%
2016-10-17,-0.60%
2016-10-18,0.54%
2016-10-19,-0.09%
2016-10-20,0.20%
2016-10-21,0.46%
2016-10-24,1.09%
2016-10-25,-0.22%
2016-10-26,-0.74%
2016-10-27,-0.20%
2016-10-28,0.48%
2016-10-31,-0.35%
2016-11-01,0.49%
2016-11-02,-0.56%
2016-11-03,0.52%
2016-11-04,-0.13%
2016-11-07,-0.08%
2016-11-08,0.55%
2016-11-09,-0.81%
2016-11-10,0.87%
2016-11-11,0.11%
2016-11-14,0.18%
2016-11-15,0.00%
2016-11-16,-0.05%
2016-11-17,-0.06%
2016-11-18,-0.13%
2016-11-21,0.87%
2016-11-22,0.74%
2016-11-23,1.40%
2016-11-24,-0.21%
2016-11-25,1.45%
2016-11-28,-0.16%
2016-11-29,0.33%
2016-11-30,-0.84%
2016-12-01,0.22%
2016-12-02,-0.11%
2016-12-05,0.30%
2016-12-06,-0.51%
2016-12-07,-0.26%
2016-12-08,1.03%
2016-12-09,1.69%
2016-12-12,0.28%
2016-12-13,-1.42%
2016-12-14,0.37%
2016-12-15,-3.23%
2016-12-16,-0.63%
2016-12-19,-0.47%
2016-12-20,-0.95%
2016-12-21,0.42%
2016-12-22,-0.53%
2016-12-23,-0.47%
2016-12-26,0.31%
2016-12-27,-0.40%
2016-12-28,-0.31%
2016-12-29,-0.08%
2016-12-30,0.65%
2017-01-03,1.09%
2017-01-04,0.20%
2017-01-05,-0.05%
2017-01-06,-0.61%
2017-01-09,0.23%
2017-01-10,-0.09%
2017-01-11,-0.32%
2017-01-12,-0.05%
2017-01-13,0.80%
2017-01-16,1.44%
2017-01-17,-0.46%
2017-01-18,0.63%
2017-01-19,-0.01%
2017-01-20,0.40%
2017-01-23,-0.20%
2017-01-24,0.92%
2017-01-25,-0.03%
2017-01-26,0.56%
2017-02-03,-1.09%
2017-02-06,-0.11%
2017-02-07,-0.15%
2017-02-08,0.09%
2017-02-09,0.21%
2017-02-10,0.50%
2017-02-13,0.69%
2017-02-14,-0.40%
2017-02-15,1.01%
2017-02-16,0.12%
2017-02-17,-0.92%
2017-02-20,1.60%
2017-02-21,0.06%
2017-02-22,-0.01%
2017-02-23,-0.09%
2017-02-24,-0.23%
2017-02-27,-0.49%
2017-02-28,-0.01%
2017-03-01,-0.07%
2017-03-02,-0.73%
2017-03-03,-0.37%
2017-03-06,0.02%
2017-03-07,0.40%
2017-03-08,-0.14%
2017-03-09,-0.73%
2017-03-10,-0.11%
2017-03-13,0.70%
2017-03-14,0.00%
2017-03-15,-0.11%
2017-03-16,0.25%
2017-03-17,-1.04%
2017-03-20,-0.42%
2017-03-21,-0.23%
2017-03-22,-1.30%
2017-03-23,0.50%
2017-03-24,0.41%
2017-03-27,0.70%
2017-03-28,-0.36%
2017-03-29,-0.21%
2017-03-30,-0.06%
2017-03-31,0.93%
2017-04-05,0.49%
2017-04-06,-0.37%
2017-04-07,-0.01%
2017-04-10,-0.58%
2017-04-11,-0.31%
2017-04-12,-0.34%
2017-04-13,-0.53%
2017-04-14,-0.66%
2017-04-17,0.05%
2017-04-18,-1.38%
2017-04-19,-0.95%
2017-04-20,-0.52%
2017-04-21,1.13%
2017-04-24,-0.01%
2017-04-25,0.23%
2017-04-26,-0.43%
2017-04-27,0.39%
2017-04-28,0.01%
2017-05-02,-0.79%
2017-05-03,-0.61%
2017-05-04,-0.50%
2017-05-05,0.01%
2017-05-08,0.20%
2017-05-09,-0.04%
2017-05-10,0.26%
2017-05-11,0.82%
2017-05-12,2.69%
2017-05-15,-0.01%
2017-05-16,-0.59%
2017-05-17,-0.80%
2017-05-18,-0.40%
2017-05-19,0.08%
2017-05-22,0.36%
2017-05-23,1.96%
2017-05-24,-0.07%
2017-05-25,3.25%
2017-05-26,-0.25%
2017-05-31,0.22%
2017-06-01,0.51%
2017-06-02,-0.68%
2017-06-05,-1.52%
2017-06-06,0.10%
2017-06-07,0.98%
2017-06-08,0.16%
2017-06-09,0.47%
2017-06-12,-0.50%
2017-06-13,-0.32%
2017-06-14,-1.52%
2017-06-15,-0.78%
2017-06-16,-0.07%
2017-06-19,0.52%
2017-06-20,-0.04%
2017-06-21,0.36%
2017-06-22,1.76%
2017-06-23,0.49%
2017-06-26,0.00%
2017-06-27,1.15%
2017-06-28,0.43%
2017-06-29,0.41%
2017-06-30,-0.39%
2017-07-03,-0.28%
2017-07-04,-0.71%
2017-07-05,0.90%
2017-07-06,0.05%
2017-07-07,-0.93%
2017-07-10,-0.05%
2017-07-11,1.81%
2017-07-12,0.64%
2017-07-13,1.74%
2017-07-14,0.90%
2017-07-17,1.53%
2017-07-18,-0.92%
2017-07-19,0.99%
2017-07-20,-0.18%
2017-07-21,-0.94%
2017-07-24,1.21%
2017-07-25,0.11%
2017-07-26,-0.17%
2017-07-27,-0.30%
2017-07-28,0.22%
2017-07-31,-0.34%
2017-08-01,1.31%
2017-08-02,0.90%
2017-08-03,-1.56%
2017-08-04,-0.67%
2017-08-07,0.05%
2017-08-08,-0.23%
2017-08-09,-1.58%
2017-08-10,-0.34%
2017-08-11,-1.47%
2017-08-14,-0.16%
2017-08-15,1.36%
2017-08-16,-0.67%
2017-08-17,0.29%
2017-08-18,0.11%
2017-08-21,-0.12%
2017-08-22,0.69%
2017-08-23,1.51%
2017-08-24,-0.05%
2017-08-25,3.12%
2017-08-28,0.15%
2017-08-29,0.46%
2017-08-30,-0.85%
2017-08-31,-1.09%
2017-09-01,-0.64%
2017-09-04,0.94%
2017-09-05,0.85%
2017-09-06,-0.68%
2017-09-07,-0.90%
2017-09-08,0.01%
2017-09-11,-0.10%
2017-09-12,0.36%
2017-09-13,-0.65%
2017-09-14,-0.69%
2017-09-15,-0.31%
2017-09-18,-0.23%
2017-09-19,0.25%
2017-09-20,-0.10%
2017-09-21,0.67%
2017-09-22,0.02%
2017-09-25,0.24%
2017-09-26,-0.53%
2017-09-27,-0.80%
2017-09-28,-0.22%
2017-09-29,0.26%
2017-10-09,1.03%
2017-10-10,0.64%
2017-10-11,0.15%
2017-10-12,-0.05%
2017-10-13,-0.42%
2017-10-16,1.01%
2017-10-17,-0.37%
2017-10-18,0.66%
2017-10-19,0.02%
2017-10-20,-0.68%
2017-10-23,-0.99%
2017-10-24,0.52%
2017-10-25,-0.20%
2017-10-26,-0.90%
2017-10-27,1.79%
2017-10-30,-0.25%
2017-10-31,-0.99%
2017-11-01,-0.67%
2017-11-02,0.07%
2017-11-03,-0.01%
2017-11-06,-1.04%
2017-11-07,1.27%
2017-11-08,0.31%
2017-11-09,-0.41%
2017-11-10,-0.54%
2017-11-13,1.41%
2017-11-14,-0.34%
2017-11-15,-0.22%
2017-11-16,-0.57%
2017-11-17,2.83%
2017-11-20,1.63%
2017-11-21,0.39%
2017-11-22,2.41%
2017-11-23,-1.45%
2017-11-24,0.30%
2017-11-27,-0.65%
2017-11-28,-1.49%
2017-11-29,0.16%
2017-11-30,-0.46%
2017-12-01,-0.65%
2017-12-04,0.27%
2017-12-05,1.79%
2017-12-06,-1.12%
2017-12-07,-0.91%
2017-12-08,-0.20%
2017-12-11,0.35%
2017-12-12,-1.43%
2017-12-13,0.46%
2017-12-14,-0.45%
2017-12-15,-1.21%
2017-12-18,0.31%
2017-12-19,1.57%
2017-12-20,-0.02%
2017-12-21,0.17%
2017-12-22,-0.67%
2017-12-25,-0.05%
2017-12-26,1.11%
2017-12-27,-1.20%
2017-12-28,-0.29%
2017-12-29,0.72%
2018-01-02,1.30%
2018-01-03,0.23%
2018-01-04,-0.33%
2018-01-05,0.33%
2018-01-08,-0.34%
2018-01-09,0.01%
2018-01-10,2.16%
2018-01-11,0.42%
2018-01-12,0.47%
2018-01-15,1.59%
2018-01-16,0.35%
2018-01-17,1.02%
2018-01-18,2.07%
2018-01-19,0.93%
2018-01-22,-0.95%
2018-01-23,3.21%
2018-01-24,0.61%
2018-01-25,-0.79%
2018-01-26,0.18%
2018-01-29,-0.55%
2018-01-30,-1.88%
2018-01-31,1.73%
2018-02-01,1.11%
2018-02-02,-0.40%
2018-02-05,3.39%
2018-02-06,-1.68%
2018-02-07,-3.33%
2018-02-08,-3.45%
2018-02-09,-3.34%
2018-02-12,-1.09%
2018-02-13,1.50%
2018-02-14,0.24%
2018-02-22,1.93%
2018-02-23,0.84%
2018-02-26,0.00%
2018-02-27,-2.08%
2018-02-28,-1.39%
2018-03-01,0.24%
2018-03-02,-0.76%
2018-03-05,-0.21%
2018-03-06,0.27%
2018-03-07,0.55%
2018-03-08,-0.01%
2018-03-09,0.12%
2018-03-12,-0.45%
2018-03-13,0.02%
2018-03-14,-0.91%
2018-03-15,0.00%
2018-03-16,-1.02%
2018-03-19,0.48%
2018-03-20,0.50%
2018-03-21,0.09%
2018-03-22,-0.49%
2018-03-23,-2.49%
2018-03-26,-2.48%
2018-03-27,-0.20%
2018-03-28,-0.08%
2018-03-29,1.50%
2018-03-30,-0.82%
2018-04-02,-0.73%
2018-04-03,-0.80%
2018-04-04,-0.05%
2018-04-09,0.02%
2018-04-10,2.95%
2018-04-11,1.08%
2018-04-12,-1.51%
2018-04-13,-0.73%
2018-04-16,-2.88%
2018-04-17,-0.46%
2018-04-18,1.09%
2018-04-19,0.32%
2018-04-20,-0.78%
2018-04-23,0.33%
2018-04-24,1.74%
2018-04-25,-1.03%
2018-04-26,-0.48%
2018-04-27,0.53%
2018-05-02,-0.29%
2018-05-03,-0.36%
2018-05-04,-0.75%
2018-05-07,0.61%
2018-05-08,1.28%
2018-05-09,0.02%
2018-05-10,0.14%
2018-05-11,0.45%
2018-05-14,0.80%
2018-05-15,-0.33%
2018-05-16,-1.40%
2018-05-17,-0.21%
2018-05-18,1.28%
2018-05-21,0.04%
2018-05-22,-0.85%
2018-05-23,-1.21%
2018-05-24,-0.64%
2018-05-25,-0.28%
2018-05-28,-0.35%
2018-05-29,-0.21%
2018-05-30,-2.06%
2018-05-31,0.96%
2018-06-01,-0.02%
2018-06-04,0.97%
2018-06-05,-0.24%
2018-06-06,-0.81%
2018-06-07,0.39%
2018-06-08,-1.81%
2018-06-11,0.22%
2018-06-12,-0.01%
2018-06-13,-0.49%
2018-06-14,0.16%
2018-06-15,0.45%
2018-06-19,-0.96%
2018-06-20,-0.74%
2018-06-21,-0.12%
2018-06-22,-0.07%
2018-06-25,-2.02%
2018-06-26,-1.72%
2018-06-27,-1.50%
2018-06-28,-0.69%
2018-06-29,1.38%
2018-07-02,-3.38%
2018-07-03,0.44%
2018-07-04,-0.31%
2018-07-05,0.56%
2018-07-06,0.69%
2018-07-09,3.31%
2018-07-10,-0.37%
2018-07-11,-1.21%
2018-07-12,1.00%
2018-07-13,-0.81%
2018-07-16,-2.08%
2018-07-17,-0.68%
2018-07-18,-0.18%
2018-07-19,-0.05%
2018-07-20,4.19%
2018-07-23,1.77%
2018-07-24,0.45%
2018-07-25,0.18%
2018-07-26,-0.59%
2018-07-27,-0.25%
2018-07-30,1.14%
2018-07-31,0.19%
2018-08-01,-1.87%
2018-08-02,-1.98%
2018-08-03,0.14%
2018-08-06,0.57%
2018-08-07,2.03%
2018-08-08,-1.18%
2018-08-09,1.45%
2018-08-10,-0.64%
2018-08-13,-1.52%
2018-08-14,-0.27%
2018-08-15,-1.86%
2018-08-16,0.25%
2018-08-17,-0.67%
2018-08-20,1.52%
2018-08-21,0.70%
2018-08-22,-0.34%
2018-08-23,0.30%
2018-08-24,2.03%
2018-08-27,1.31%
2018-08-28,-0.29%
2018-08-29,-0.17%
2018-08-30,-1.26%
2018-08-31,0.89%
2018-09-03,-0.15%
2018-09-04,1.16%
2018-09-05,-2.19%
2018-09-06,-0.38%
2018-09-07,0.44%
2018-09-10,-0.44%
2018-09-11,-0.80%
2018-09-12,0.10%
2018-09-13,1.30%
2018-09-14,-0.14%
2018-09-17,-0.92%
2018-09-18,1.61%
2018-09-19,0.51%
2018-09-20,0.43%
2018-09-21,3.94%
2018-09-25,-1.31%
2018-09-26,1.11%
2018-09-27,0.03%
2018-09-28,1.25%
2018-10-08,-3.62%
2018-10-09,-0.16%
2018-10-10,0.54%
2018-10-11,-3.76%
2018-10-12,2.02%
2018-10-15,-1.20%
2018-10-16,0.67%
2018-10-17,0.73%
2018-10-18,-1.93%
2018-10-19,3.11%
2018-10-22,2.64%
2018-10-23,-2.33%
2018-10-24,1.90%
2018-10-25,1.00%
2018-10-26,-0.17%
2018-10-29,-1.95%
2018-10-30,1.55%
2018-10-31,0.22%
2018-11-01,-0.83%
2018-11-02,2.18%
2018-11-05,-1.05%
2018-11-06,-0.68%
2018-11-07,-0.41%
2018-11-08,0.67%
2018-11-09,-3.11%
2018-11-12,0.32%
2018-11-13,0.33%
2018-11-14,-1.16%
2018-11-15,0.82%
2018-11-16,0.01%
2018-11-19,1.33%
2018-11-20,-1.42%
2018-11-21,0.08%
2018-11-22,-0.35%
2018-11-23,-1.25%
2018-11-26,0.44%
2018-11-27,-0.52%
2018-11-28,0.70%
2018-11-29,-0.50%
2018-11-30,0.86%
2018-12-03,1.78%
2018-12-04,0.34%
2018-12-05,-0.68%
2018-12-06,-1.17%
2018-12-07,-0.13%
2018-12-10,-0.91%
2018-12-11,-0.02%
2018-12-12,0.13%
2018-12-13,0.67%
2018-12-14,-1.11%
2018-12-17,0.33%
2018-12-18,-1.02%
2018-12-19,-1.11%
2018-12-20,-1.85%
2018-12-21,-1.06%
2018-12-24,-0.23%
2018-12-25,-0.33%
2018-12-26,-0.32%
2018-12-27,0.18%
2018-12-28,0.93%
2019-01-02,-1.72%
2019-01-03,0.91%
2019-01-04,1.97%
2019-01-07,-0.23%
2019-01-08,-0.44%
2019-01-09,0.86%
2019-01-10,-0.24%
2019-01-11,0.88%
2019-01-14,-0.66%
2019-01-15,1.05%
2019-01-16,0.21%
2019-01-17,-0.53%
2019-01-18,1.80%
2019-01-21,0.24%
2019-01-22,-0.79%
2019-01-23,0.27%
2019-01-24,0.83%
2019-01-25,1.62%
2019-01-28,-0.08%
2019-01-29,0.71%
2019-01-30,-0.37%
2019-01-31,1.80%
2019-02-01,0.09%
2019-02-11,-0.09%
2019-02-12,0.07%
2019-02-13,1.39%
2019-02-14,-0.54%
2019-02-15,-1.96%
2019-02-18,1.87%
2019-02-19,-0.16%
2019-02-20,0.19%
2019-02-21,-0.46%
2019-02-22,1.28%
2019-02-25,6.41%
2019-02-26,-2.35%
2019-02-27,1.51%
2019-02-28,-0.38%
2019-03-01,3.20%
2019-03-04,0.52%
2019-03-05,-0.43%
2019-03-06,0.36%
2019-03-07,-1.69%
2019-03-08,-3.70%
2019-03-11,0.29%
2019-03-12,0.33%
2019-03-13,0.12%
2019-03-14,-0.01%
2019-03-15,0.39%
2019-03-18,1.71%
2019-03-19,-0.50%
2019-03-20,0.14%
2019-03-21,-0.73%
2019-03-22,-0.19%
2019-03-25,-2.71%
2019-03-26,-0.12%
2019-03-27,0.94%
2019-03-28,-0.55%
2019-03-29,2.93%
2019-04-01,1.67%
2019-04-02,0.29%
2019-04-03,0.69%
2019-04-04,1.62%
2019-04-08,0.76%
2019-04-09,-1.14%
2019-04-10,-0.32%
2019-04-11,-0.75%
2019-04-12,0.04%
2019-04-15,0.51%
2019-04-16,3.99%
2019-04-17,-0.57%
2019-04-18,-0.80%
2019-04-19,0.77%
2019-04-22,-2.87%
2019-04-23,0.19%
2019-04-24,0.28%
2019-04-25,-1.01%
2019-04-26,-1.68%
2019-04-29,1.76%
2019-04-30,0.29%
2019-05-06,-2.73%
2019-05-07,-0.21%
2019-05-08,-1.64%
2019-05-09,-1.97%
2019-05-10,2.14%
2019-05-13,-1.48%
2019-05-14,-0.38%
2019-05-15,1.64%
2019-05-16,0.03%
2019-05-17,-1.17%
2019-05-20,0.13%
2019-05-21,0.69%
2019-05-22,-0.26%
2019-05-23,-0.58%
2019-05-24,0.59%
2019-05-27,0.21%
2019-05-28,0.66%
2019-05-29,-0.85%
2019-05-30,-0.02%
2019-05-31,-0.34%
2019-06-03,0.29%
2019-06-04,-0.10%
2019-06-05,0.33%
2019-06-06,-0.02%
2019-06-10,1.35%
2019-06-11,1.03%
2019-06-12,473.42%
2019-06-13,-473.75%
2019-06-14,-0.09%
2019-06-17,0.39%
2019-06-18,0.47%
2019-06-19,0.33%
2019-06-20,2.48%
2019-06-21,-0.89%
2019-06-24,0.24%
2019-06-25,-2.23%
2019-06-26,-0.54%
2019-06-27,1.00%
2019-06-28,-0.32%
2019-07-01,1.31%
2019-07-02,-0.08%
2019-07-03,-0.62%
2019-07-04,-0.14%
2019-07-05,-0.40%
2019-07-08,-1.84%
2019-07-09,-0.72%
2019-07-10,-0.63%
2019-07-11,0.23%
2019-07-12,0.73%
2019-07-15,-0.16%
2019-07-16,-0.16%
2019-07-17,-0.39%
2019-07-18,-0.05%
2019-07-19,1.29%
2019-07-22,-0.25%
2019-07-23,0.14%
2019-07-24,0.57%
2019-07-25,1.51%
2019-07-26,-0.07%
2019-07-29,-0.14%
2019-07-30,0.45%
2019-07-31,-0.77%
2019-08-01,-0.87%
2019-08-02,-1.18%
2019-08-05,-1.87%
2019-08-06,-1.05%
2019-08-07,-0.29%
2019-08-08,1.71%
2019-08-09,-0.11%
2019-08-12,1.12%
2019-08-13,-1.11%
2019-08-14,-0.25%
2019-08-15,-0.08%
2019-08-16,-0.24%
2019-08-19,0.45%
2019-08-20,-0.17%
2019-08-21,-0.31%
2019-08-22,-0.16%
2019-08-23,1.13%
2019-08-26,-1.72%
2019-08-27,0.40%
2019-08-28,-0.84%
2019-08-29,-0.64%
2019-08-30,0.25%
2019-09-02,0.55%
2019-09-03,-0.07%
2019-09-04,1.57%
2019-09-05,1.23%
2019-09-06,0.66%
2019-09-09,-0.35%
2019-09-10,-0.40%
2019-09-11,0.75%
2019-09-12,0.41%
2019-09-16,-0.54%
2019-09-17,-1.24%
2019-09-18,0.07%
2019-09-19,0.14%
2019-09-20,0.50%
2019-09-23,-0.94%
2019-09-24,-0.17%
2019-09-25,0.48%
2019-09-26,1.41%
2019-09-27,0.09%
2019-09-30,-0.96%
2019-10-08,1.31%
2019-10-09,1.08%
2019-10-10,-0.07%
2019-10-11,2.03%
2019-10-14,1.91%
2019-10-15,0.17%
2019-10-16,-0.35%
2019-10-17,-0.17%
2019-10-18,-1.55%
2019-10-21,1.18%
2019-10-22,-0.38%
2019-10-23,-0.03%
2019-10-24,1.08%
2019-10-25,-0.27%
2019-10-28,-0.64%
2019-10-29,-0.24%
2019-10-30,-0.37%
2019-10-31,-0.48%
2019-11-01,2.10%
2019-11-04,0.59%
2019-11-05,1.12%
2019-11-06,0.35%
2019-11-07,-0.26%
2019-11-08,-1.23%
2019-11-11,-1.51%
2019-11-12,0.17%
2019-11-13,-0.43%
2019-11-14,-0.55%
2019-11-15,0.05%
2019-11-18,1.20%
2019-11-19,-0.05%
2019-11-20,-1.84%
2019-11-21,-0.26%
2019-11-22,-0.37%
2019-11-25,1.18%
2019-11-26,-0.63%
2019-11-27,0.15%
2019-11-28,-0.38%
2019-11-29,-0.65%
2019-12-02,0.08%
2019-12-03,0.38%
2019-12-04,-0.53%
2019-12-05,0.49%
2019-12-06,0.10%
2019-12-09,-0.17%
2019-12-10,-0.37%
2019-12-11,1.07%
2019-12-12,-0.24%
2019-12-13,1.97%
2019-12-16,-0.28%
2019-12-17,1.33%
2019-12-18,0.17%
2019-12-19,0.14%
2019-12-20,-0.02%
2019-12-23,-1.07%
2019-12-24,0.60%
2019-12-25,-0.46%
2019-12-26,0.75%
2019-12-27,0.12%
2019-12-30,-0.11%
2019-12-31,-0.12%
2020-01-02,1.67%
2020-01-03,0.31%
2020-01-06,-0.69%
2020-01-07,0.45%
2020-01-08,-1.62%
2020-01-09,0.55%
2020-01-10,0.00%
2020-01-13,0.24%
2020-01-14,-0.23%
2020-01-15,-1.10%
2020-01-16,-0.67%
2020-01-17,-0.01%
2020-01-20,0.50%
2020-01-21,-1.39%
2020-01-22,-0.07%
2020-01-23,-2.44%
2020-02-03,-6.71%
2020-02-04,2.05%
2020-02-05,-0.07%
2020-02-06,0.70%
2020-02-07,-0.44%
2020-02-10,-0.48%
2020-02-11,1.06%
2020-02-12,0.11%
2020-02-13,-0.80%
2020-02-14,0.91%
2020-02-17,1.72%
2020-02-18,-1.01%
2020-02-19,-0.02%
2020-02-20,1.22%
2020-02-21,-0.34%
2020-02-24,-1.22%
2020-02-25,-0.99%
2020-02-26,0.35%
2020-02-27,0.49%
2020-02-28,-2.67%
2020-03-02,1.82%
2020-03-03,0.19%
2020-03-04,0.20%
2020-03-05,2.57%
2020-03-06,-1.58%
2020-03-09,-2.55%
2020-03-10,1.07%
2020-03-11,-0.86%
2020-03-12,-0.58%
2020-03-13,-1.12%
2020-03-16,-2.94%
2020-03-17,-0.21%
2020-03-18,-2.33%
2020-03-19,-2.95%
2020-03-20,2.34%
2020-03-23,-2.25%
2020-03-24,2.62%
2020-03-25,1.68%
2020-03-26,0.63%
2020-03-27,0.33%
2020-03-30,-0.30%
2020-03-31,-1.13%
2020-04-01,-0.08%
2020-04-02,0.64%
2020-04-03,-0.67%
2020-04-07,1.16%
2020-04-08,-0.59%
2020-04-09,-0.01%
2020-04-10,-0.04%
2020-04-13,-0.69%
2020-04-14,1.19%
2020-04-15,-0.54%
2020-04-16,-0.30%
2020-04-17,0.85%
2020-04-20,-0.33%
2020-04-21,-0.41%
2020-04-22,-0.05%
2020-04-23,-0.33%
2020-04-24,-0.28%
2020-04-27,1.84%
2020-04-28,0.29%
2020-04-29,2.35%
2020-04-30,0.25%
2020-05-06,-1.09%
2020-05-07,-0.52%
2020-05-08,0.98%
2020-05-11,-0.02%
2020-05-12,-0.77%
2020-05-13,-0.07%
2020-05-14,-1.08%
2020-05-15,-0.08%
2020-05-18,0.10%
2020-05-19,0.65%
2020-05-20,0.49%
2020-05-21,-0.29%
2020-05-22,-1.86%
2020-05-25,-0.02%
2020-05-26,0.27%
2020-05-27,0.48%
2020-05-28,1.30%
2020-05-29,-0.66%
2020-06-01,1.42%
2020-06-02,0.57%
2020-06-03,0.10%
2020-06-04,-0.34%
2020-06-05,0.16%
2020-06-08,0.09%
2020-06-09,0.17%
2020-06-10,-0.70%
2020-06-11,-1.23%
2020-06-12,0.12%
2020-06-15,-1.30%
2020-06-16,0.82%
2020-06-17,-0.06%
2020-06-18,-0.38%
2020-06-19,0.13%
2020-06-22,-0.59%
2020-06-23,-0.47%
2020-06-24,0.87%
2020-06-29,-0.21%
2020-06-30,-0.31%
2020-07-01,1.87%
2020-07-02,2.22%
2020-07-03,2.61%
2020-07-06,8.64%
2020-07-07,-0.36%
2020-07-08,0.14%
2020-07-09,-1.27%
2020-07-10,-4.47%
2020-07-13,-0.50%
2020-07-14,-2.00%
2020-07-15,-2.65%
2020-07-16,-0.63%
2020-07-17,0.18%
2020-07-20,2.60%
2020-07-21,-0.93%
2020-07-22,-0.33%
2020-07-23,-1.76%
2020-07-24,-2.53%
2020-07-27,-0.78%
2020-07-28,0.46%
2020-07-29,1.30%
2020-07-30,-1.02%
2020-07-31,0.01%
2020-08-03,0.74%
2020-08-04,2.60%
2020-08-05,-1.26%
2020-08-06,0.86%
2020-08-07,-0.89%
2020-08-10,0.99%
2020-08-11,0.29%
2020-08-12,0.58%
2020-08-13,-0.58%
2020-08-14,1.51%
2020-08-17,2.71%
2020-08-18,-0.94%
2020-08-19,-0.83%
2020-08-20,-1.49%
2020-08-21,0.26%
2020-08-24,-0.61%
2020-08-25,0.22%
2020-08-26,-0.81%
2020-08-27,-0.16%
2020-08-28,2.26%
2020-08-31,-0.77%
2020-09-01,-0.26%
2020-09-02,-0.59%
2020-09-03,-0.47%
2020-09-04,-0.37%
2020-09-07,-0.34%
2020-09-08,1.58%
2020-09-09,-0.56%
2020-09-10,-0.20%
2020-09-11,-0.79%
2020-09-14,0.39%
2020-09-15,0.30%
2020-09-16,0.36%
2020-09-17,-0.30%
2020-09-18,2.03%
2020-09-21,-0.71%
2020-09-22,-1.17%
2020-09-23,-0.50%
2020-09-24,-1.24%
2020-09-25,-0.11%
2020-09-28,0.43%
2020-09-29,-1.24%
2020-09-30,-0.15%
2020-10-09,0.23%
2020-10-12,2.64%
2020-10-13,0.07%
2020-10-14,0.02%
2020-10-15,1.45%
2020-10-16,1.66%
2020-10-19,0.43%
2020-10-20,-0.48%
2020-10-21,1.84%
2020-10-22,-0.22%
2020-10-23,0.65%
2020-10-26,-1.87%
2020-10-27,-0.35%
2020-10-28,-0.94%
2020-10-29,0.05%
2020-10-30,-0.79%
2020-11-02,-0.06%
2020-11-03,1.11%
2020-11-04,1.64%
2020-11-05,-0.44%
2020-11-06,-0.34%
2020-11-09,0.88%
2020-11-10,0.76%
2020-11-11,0.72%
2020-11-12,-1.14%
2020-11-13,-1.93%
2020-11-16,0.47%
2020-11-17,1.28%
2020-11-18,2.22%
2020-11-19,0.71%
2020-11-20,-0.56%
2020-11-23,2.04%
2020-11-24,-0.56%
2020-11-25,-0.85%
2020-11-26,1.42%
2020-11-27,2.27%
2020-11-30,-1.02%
2020-12-01,2.69%
2020-12-02,-0.44%
2020-12-03,-0.29%
2020-12-04,-1.23%
2020-12-07,-2.26%
2020-12-08,-0.61%
2020-12-09,-0.04%
2020-12-10,-0.59%
2020-12-11,-1.22%
2020-12-14,1.31%
2020-12-15,-0.74%
2020-12-16,0.16%
2020-12-17,0.48%
2020-12-18,-1.36%
2020-12-21,-0.37%
2020-12-22,-1.69%
2020-12-23,0.26%
2020-12-24,0.59%
2020-12-25,0.15%
2020-12-28,0.73%
2020-12-29,0.17%
2020-12-30,0.27%
2020-12-31,0.99%
