t,rnbank
2016-01-05,0.60%
2016-01-06,1.12%
2016-01-07,-7.84%
2016-01-08,2.13%
2016-01-11,-7.54%
2016-01-12,1.31%
2016-01-13,-0.90%
2016-01-14,2.02%
2016-01-15,-3.06%
2016-01-18,0.07%
2016-01-19,2.79%
2016-01-20,-1.91%
2016-01-21,-3.50%
2016-01-22,1.02%
2016-01-25,0.22%
2016-01-26,-7.60%
2016-01-27,-1.04%
2016-01-28,-1.62%
2016-01-29,4.75%
2016-02-01,-1.93%
2016-02-02,2.36%
2016-02-03,-0.86%
2016-02-04,1.37%
2016-02-05,-2.23%
2016-02-15,-1.33%
2016-02-16,3.97%
2016-02-17,0.58%
2016-02-18,-0.22%
2016-02-19,0.40%
2016-02-22,3.70%
2016-02-23,-1.71%
2016-02-24,0.49%
2016-02-25,-7.93%
2016-02-26,0.91%
2016-02-29,-2.51%
2016-03-01,3.07%
2016-03-02,5.03%
2016-03-03,-0.09%
2016-03-04,1.66%
2016-03-07,-0.20%
2016-03-08,0.22%
2016-03-09,-0.77%
2016-03-10,-2.92%
2016-03-11,1.27%
2016-03-14,1.67%
2016-03-15,0.07%
2016-03-16,1.06%
2016-03-17,1.63%
2016-03-18,2.45%
2016-03-21,7.00%
2016-03-22,-2.64%
2016-03-23,1.38%
2016-03-24,-3.60%
2016-03-25,1.11%
2016-03-28,-2.22%
2016-03-29,-0.53%
2016-03-30,3.06%
2016-03-31,-0.01%
2016-04-01,-0.29%
2016-04-05,1.35%
2016-04-06,-0.71%
2016-04-07,-2.01%
2016-04-08,-1.46%
2016-04-11,2.19%
2016-04-12,-0.17%
2016-04-13,2.11%
2016-04-14,0.52%
2016-04-15,-0.34%
2016-04-18,-1.84%
2016-04-19,0.63%
2016-04-20,-0.79%
2016-04-21,-1.00%
2016-04-22,0.65%
2016-04-25,-1.00%
2016-04-26,0.74%
2016-04-27,-0.97%
2016-04-28,-0.37%
2016-04-29,-0.53%
2016-05-03,1.40%
2016-05-04,-0.33%
2016-05-05,0.04%
2016-05-06,-3.40%
2016-05-09,-2.39%
2016-05-10,-0.24%
2016-05-11,-0.25%
2016-05-12,1.09%
2016-05-13,-0.54%
2016-05-16,0.37%
2016-05-17,0.08%
2016-05-18,0.52%
2016-05-19,-0.36%
2016-05-20,0.78%
2016-05-23,0.15%
2016-05-24,-1.03%
2016-05-25,0.07%
2016-05-26,0.35%
2016-05-27,-0.33%
2016-05-30,0.64%
2016-05-31,5.57%
2016-06-01,-1.25%
2016-06-02,0.38%
2016-06-03,0.18%
2016-06-06,-0.78%
2016-06-07,0.35%
2016-06-08,-0.46%
2016-06-13,-3.74%
2016-06-14,0.88%
2016-06-15,1.06%
2016-06-16,-0.94%
2016-06-17,0.48%
2016-06-20,0.26%
2016-06-21,0.60%
2016-06-22,1.23%
2016-06-23,-0.48%
2016-06-24,-1.56%
2016-06-27,1.51%
2016-06-28,1.25%
2016-06-29,0.20%
2016-06-30,0.09%
2016-07-01,-0.16%
2016-07-04,2.35%
2016-07-05,-0.40%
2016-07-06,-0.35%
2016-07-07,0.05%
2016-07-08,-0.04%
2016-07-11,-0.20%
2016-07-12,2.41%
2016-07-13,0.33%
2016-07-14,0.02%
2016-07-15,-0.84%
2016-07-18,-1.46%
2016-07-19,0.21%
2016-07-20,-0.46%
2016-07-21,0.79%
2016-07-22,-0.94%
2016-07-25,-0.12%
2016-07-26,1.17%
2016-07-27,-1.33%
2016-07-28,-1.56%
2016-07-29,-0.59%
2016-08-01,-0.73%
2016-08-02,0.37%
2016-08-03,-0.18%
2016-08-04,0.17%
2016-08-05,0.04%
2016-08-08,0.66%
2016-08-09,0.71%
2016-08-10,-0.37%
2016-08-11,0.40%
2016-08-12,2.29%
2016-08-15,4.80%
2016-08-16,-1.19%
2016-08-17,-0.32%
2016-08-18,-0.28%
2016-08-19,-0.07%
2016-08-22,-1.36%
2016-08-23,0.59%
2016-08-24,-1.04%
2016-08-25,0.08%
2016-08-26,-0.35%
2016-08-29,0.22%
2016-08-30,0.34%
2016-08-31,0.62%
2016-09-01,-0.87%
2016-09-02,0.89%
2016-09-05,0.01%
2016-09-06,0.62%
2016-09-07,0.02%
2016-09-08,-0.02%
2016-09-09,-0.34%
2016-09-12,-1.78%
2016-09-13,-0.71%
2016-09-14,-0.93%
2016-09-19,0.80%
2016-09-20,-0.19%
2016-09-21,0.39%
2016-09-22,0.52%
2016-09-23,-0.53%
2016-09-26,-1.69%
2016-09-27,0.65%
2016-09-28,-0.36%
2016-09-29,0.68%
2016-09-30,0.00%
2016-10-10,1.53%
2016-10-11,0.21%
2016-10-12,-0.22%
2016-10-13,-0.15%
2016-10-14,-0.22%
2016-10-17,-1.32%
2016-10-18,1.95%
2016-10-19,-0.57%
2016-10-20,-0.09%
2016-10-21,0.48%
2016-10-24,1.67%
2016-10-25,-0.33%
2016-10-26,-0.22%
2016-10-27,-0.13%
2016-10-28,0.69%
2016-10-31,0.09%
2016-11-01,0.94%
2016-11-02,-0.73%
2016-11-03,1.87%
2016-11-04,-0.27%
2016-11-07,0.24%
2016-11-08,0.16%
2016-11-09,-1.24%
2016-11-10,1.48%
2016-11-11,2.30%
2016-11-14,0.47%
2016-11-15,-0.45%
2016-11-16,0.15%
2016-11-17,0.03%
2016-11-18,-1.19%
2016-11-21,1.26%
2016-11-22,1.00%
2016-11-23,-0.72%
2016-11-24,0.96%
2016-11-25,0.72%
2016-11-28,-0.58%
2016-11-29,0.30%
2016-11-30,-1.06%
2016-12-01,0.61%
2016-12-02,-1.35%
2016-12-05,-2.31%
2016-12-06,-0.30%
2016-12-07,0.70%
2016-12-08,-0.77%
2016-12-09,0.70%
2016-12-12,-1.92%
2016-12-13,-0.28%
2016-12-14,-0.68%
2016-12-15,-1.55%
2016-12-16,-0.23%
2016-12-19,-0.56%
2016-12-20,-0.42%
2016-12-21,0.47%
2016-12-22,-0.39%
2016-12-23,-0.96%
2016-12-26,0.98%
2016-12-27,-0.32%
2016-12-28,-0.23%
2016-12-29,-0.32%
2016-12-30,0.73%
2017-01-03,1.03%
2017-01-04,0.29%
2017-01-05,-0.25%
2017-01-06,-0.99%
2017-01-09,0.37%
2017-01-10,-0.19%
2017-01-11,-0.22%
2017-01-12,-0.11%
2017-01-13,0.54%
2017-01-16,0.54%
2017-01-17,-0.48%
2017-01-18,0.14%
2017-01-19,-0.28%
2017-01-20,0.72%
2017-01-23,0.08%
2017-01-24,-0.35%
2017-01-25,0.32%
2017-01-26,0.35%
2017-02-03,-1.32%
2017-02-06,0.42%
2017-02-07,-0.25%
2017-02-08,1.03%
2017-02-09,0.08%
2017-02-10,0.35%
2017-02-13,0.56%
2017-02-14,-0.36%
2017-02-15,-0.33%
2017-02-16,0.56%
2017-02-17,0.01%
2017-02-20,1.01%
2017-02-21,0.28%
2017-02-22,-0.21%
2017-02-23,-1.00%
2017-02-24,0.16%
2017-02-27,-0.98%
2017-02-28,0.03%
2017-03-01,-0.10%
2017-03-02,-0.50%
2017-03-03,-0.43%
2017-03-06,0.47%
2017-03-07,0.11%
2017-03-08,-0.40%
2017-03-09,-0.38%
2017-03-10,-0.37%
2017-03-13,0.71%
2017-03-14,-0.16%
2017-03-15,-0.05%
2017-03-16,1.43%
2017-03-17,-1.56%
2017-03-20,-0.40%
2017-03-21,-0.19%
2017-03-22,-1.30%
2017-03-23,0.61%
2017-03-24,0.91%
2017-03-27,-0.02%
2017-03-28,-0.37%
2017-03-29,-0.76%
2017-03-30,-0.18%
2017-03-31,0.27%
2017-04-05,1.18%
2017-04-06,-0.32%
2017-04-07,-0.17%
2017-04-10,-0.69%
2017-04-11,0.02%
2017-04-12,0.27%
2017-04-13,-0.41%
2017-04-14,-0.77%
2017-04-17,0.01%
2017-04-18,-1.40%
2017-04-19,-0.39%
2017-04-20,0.11%
2017-04-21,0.88%
2017-04-24,0.25%
2017-04-25,-0.27%
2017-04-26,1.08%
2017-04-27,0.31%
2017-04-28,0.18%
2017-05-02,-0.78%
2017-05-03,-0.30%
2017-05-04,-0.55%
2017-05-05,-1.36%
2017-05-08,0.38%
2017-05-09,-0.14%
2017-05-10,1.14%
2017-05-11,0.04%
2017-05-12,1.60%
2017-05-15,0.20%
2017-05-16,0.34%
2017-05-17,-0.76%
2017-05-18,-0.66%
2017-05-19,0.12%
2017-05-22,0.95%
2017-05-23,0.56%
2017-05-24,0.01%
2017-05-25,4.10%
2017-05-26,-0.25%
2017-05-31,0.44%
2017-06-01,0.43%
2017-06-02,-1.23%
2017-06-05,-0.59%
2017-06-06,1.09%
2017-06-07,0.71%
2017-06-08,1.25%
2017-06-09,0.28%
2017-06-12,-0.06%
2017-06-13,-0.12%
2017-06-14,-1.14%
2017-06-15,-0.13%
2017-06-16,0.07%
2017-06-19,2.46%
2017-06-20,-0.49%
2017-06-21,0.98%
2017-06-22,0.23%
2017-06-23,0.34%
2017-06-26,0.98%
2017-06-27,-0.13%
2017-06-28,-1.25%
2017-06-29,0.97%
2017-06-30,-0.22%
2017-07-03,-0.86%
2017-07-04,-1.09%
2017-07-05,2.38%
2017-07-06,0.59%
2017-07-07,0.43%
2017-07-10,0.47%
2017-07-11,0.43%
2017-07-12,-0.91%
2017-07-13,2.10%
2017-07-14,0.70%
2017-07-17,-0.70%
2017-07-18,-0.46%
2017-07-19,3.45%
2017-07-20,-0.15%
2017-07-21,-1.99%
2017-07-24,0.36%
2017-07-25,-0.82%
2017-07-26,0.00%
2017-07-27,0.50%
2017-07-28,-0.83%
2017-07-31,0.44%
2017-08-01,2.84%
2017-08-02,-0.07%
2017-08-03,-1.35%
2017-08-04,-0.66%
2017-08-07,-0.33%
2017-08-08,0.34%
2017-08-09,-1.15%
2017-08-10,-0.77%
2017-08-11,-2.36%
2017-08-14,1.66%
2017-08-15,0.18%
2017-08-16,0.05%
2017-08-17,0.34%
2017-08-18,0.57%
2017-08-21,0.17%
2017-08-22,1.40%
2017-08-23,0.74%
2017-08-24,-1.11%
2017-08-25,2.46%
2017-08-28,3.65%
2017-08-29,-0.14%
2017-08-30,-0.44%
2017-08-31,0.32%
2017-09-01,0.30%
2017-09-04,-0.86%
2017-09-05,0.82%
2017-09-06,-0.90%
2017-09-07,-1.04%
2017-09-08,-0.23%
2017-09-11,-0.82%
2017-09-12,1.20%
2017-09-13,-0.17%
2017-09-14,-0.96%
2017-09-15,-0.20%
2017-09-18,0.55%
2017-09-19,-0.69%
2017-09-20,-0.31%
2017-09-21,0.44%
2017-09-22,0.19%
2017-09-25,-0.09%
2017-09-26,-0.06%
2017-09-27,-0.80%
2017-09-28,-0.09%
2017-09-29,0.86%
2017-10-09,0.32%
2017-10-10,-0.07%
2017-10-11,0.11%
2017-10-12,0.96%
2017-10-13,0.07%
2017-10-16,-0.04%
2017-10-17,0.11%
2017-10-18,0.87%
2017-10-19,-0.70%
2017-10-20,-0.61%
2017-10-23,0.29%
2017-10-24,1.00%
2017-10-25,-0.03%
2017-10-26,0.98%
2017-10-27,1.04%
2017-10-30,-0.70%
2017-10-31,-0.12%
2017-11-01,-0.22%
2017-11-02,0.33%
2017-11-03,0.14%
2017-11-06,-0.69%
2017-11-07,1.76%
2017-11-08,0.14%
2017-11-09,1.03%
2017-11-10,2.51%
2017-11-13,-0.12%
2017-11-14,-0.28%
2017-11-15,-1.09%
2017-11-16,1.66%
2017-11-17,2.20%
2017-11-20,-0.67%
2017-11-21,3.30%
2017-11-22,-0.76%
2017-11-23,-3.16%
2017-11-24,0.14%
2017-11-27,-0.58%
2017-11-28,-0.67%
2017-11-29,-0.41%
2017-11-30,-1.75%
2017-12-01,-1.34%
2017-12-04,0.70%
2017-12-05,1.83%
2017-12-06,-1.23%
2017-12-07,-1.34%
2017-12-08,1.56%
2017-12-11,1.36%
2017-12-12,-2.40%
2017-12-13,0.52%
2017-12-14,-1.64%
2017-12-15,-0.72%
2017-12-18,-0.05%
2017-12-19,2.35%
2017-12-20,-0.37%
2017-12-21,0.82%
2017-12-22,-1.00%
2017-12-25,-0.82%
2017-12-26,0.50%
2017-12-27,-2.95%
2017-12-28,0.46%
2017-12-29,-0.39%
2018-01-02,2.23%
2018-01-03,-0.49%
2018-01-04,-0.23%
2018-01-05,-0.10%
2018-01-08,0.37%
2018-01-09,0.76%
2018-01-10,-0.33%
2018-01-11,0.37%
2018-01-12,1.01%
2018-01-15,1.45%
2018-01-16,1.01%
2018-01-17,1.34%
2018-01-18,0.32%
2018-01-19,1.11%
2018-01-22,0.35%
2018-01-23,0.28%
2018-01-24,0.41%
2018-01-25,-1.79%
2018-01-26,0.56%
2018-01-29,-2.58%
2018-01-30,-0.68%
2018-01-31,0.11%
2018-02-01,-0.14%
2018-02-02,0.43%
2018-02-05,0.45%
2018-02-06,-3.38%
2018-02-07,-2.12%
2018-02-08,-2.08%
2018-02-09,-7.31%
2018-02-12,0.04%
2018-02-13,1.91%
2018-02-14,1.08%
2018-02-22,1.44%
2018-02-23,0.99%
2018-02-26,1.48%
2018-02-27,-1.32%
2018-02-28,-1.80%
2018-03-01,0.87%
2018-03-02,-1.57%
2018-03-05,0.19%
2018-03-06,2.14%
2018-03-07,-1.00%
2018-03-08,1.26%
2018-03-09,1.03%
2018-03-12,0.79%
2018-03-13,-2.04%
2018-03-14,-0.75%
2018-03-15,1.12%
2018-03-16,-0.54%
2018-03-19,2.25%
2018-03-20,-0.05%
2018-03-21,-0.36%
2018-03-22,-0.88%
2018-03-23,-4.15%
2018-03-26,-1.40%
2018-03-27,0.49%
2018-03-28,-2.67%
2018-03-29,1.89%
2018-03-30,-0.68%
2018-04-02,0.07%
2018-04-03,-0.15%
2018-04-04,-0.45%
2018-04-09,1.29%
2018-04-10,2.44%
2018-04-11,-0.71%
2018-04-12,-1.11%
2018-04-13,-1.01%
2018-04-16,-2.52%
2018-04-17,-0.87%
2018-04-18,0.95%
2018-04-19,0.94%
2018-04-20,-2.16%
2018-04-23,1.17%
2018-04-24,2.62%
2018-04-25,-1.03%
2018-04-26,-2.81%
2018-04-27,-0.53%
2018-05-02,0.51%
2018-05-03,1.59%
2018-05-04,-1.04%
2018-05-07,1.20%
2018-05-08,1.81%
2018-05-09,-0.54%
2018-05-10,0.48%
2018-05-11,-0.87%
2018-05-14,0.99%
2018-05-15,-0.26%
2018-05-16,-1.70%
2018-05-17,-0.90%
2018-05-18,1.49%
2018-05-21,0.78%
2018-05-22,-0.93%
2018-05-23,-1.64%
2018-05-24,-0.77%
2018-05-25,-0.44%
2018-05-28,0.65%
2018-05-29,-0.88%
2018-05-30,-3.37%
2018-05-31,1.96%
2018-06-01,-0.21%
2018-06-04,1.31%
2018-06-05,1.01%
2018-06-06,-0.64%
2018-06-07,0.10%
2018-06-08,-2.02%
2018-06-11,0.57%
2018-06-12,1.07%
2018-06-13,-0.95%
2018-06-14,1.02%
2018-06-15,-0.46%
2018-06-19,-5.04%
2018-06-20,-0.55%
2018-06-21,-2.42%
2018-06-22,0.66%
2018-06-25,-1.85%
2018-06-26,-0.06%
2018-06-27,-1.87%
2018-06-28,-0.13%
2018-06-29,2.48%
2018-07-02,-4.24%
2018-07-03,1.71%
2018-07-04,-1.33%
2018-07-05,-0.41%
2018-07-06,1.56%
2018-07-09,2.61%
2018-07-10,-0.59%
2018-07-11,-2.48%
2018-07-12,2.74%
2018-07-13,-0.11%
2018-07-16,-1.01%
2018-07-17,-0.17%
2018-07-18,-0.55%
2018-07-19,0.64%
2018-07-20,3.71%
2018-07-23,1.04%
2018-07-24,1.10%
2018-07-25,0.01%
2018-07-26,-1.62%
2018-07-27,-0.12%
2018-07-30,0.31%
2018-07-31,0.18%
2018-08-01,-2.86%
2018-08-02,-2.70%
2018-08-03,-0.82%
2018-08-06,-0.55%
2018-08-07,2.96%
2018-08-08,-1.95%
2018-08-09,2.84%
2018-08-10,-0.13%
2018-08-13,-1.07%
2018-08-14,-0.40%
2018-08-15,-2.89%
2018-08-16,0.52%
2018-08-17,-0.82%
2018-08-20,1.94%
2018-08-21,1.72%
2018-08-22,0.64%
2018-08-23,1.14%
2018-08-24,0.41%
2018-08-27,1.36%
2018-08-28,-0.92%
2018-08-29,-0.26%
2018-08-30,-0.69%
2018-08-31,0.00%
2018-09-03,-0.23%
2018-09-04,1.97%
2018-09-05,-2.43%
2018-09-06,-1.20%
2018-09-07,1.17%
2018-09-10,-2.05%
2018-09-11,-0.26%
2018-09-12,-0.53%
2018-09-13,2.10%
2018-09-14,0.44%
2018-09-17,-0.82%
2018-09-18,2.22%
2018-09-19,1.12%
2018-09-20,-0.39%
2018-09-21,3.26%
2018-09-25,-0.74%
2018-09-26,0.98%
2018-09-27,-0.91%
2018-09-28,1.43%
2018-10-08,-4.61%
2018-10-09,0.02%
2018-10-10,-0.14%
2018-10-11,-5.60%
2018-10-12,0.97%
2018-10-15,-1.32%
2018-10-16,0.33%
2018-10-17,0.48%
2018-10-18,-2.38%
2018-10-19,4.52%
2018-10-22,6.20%
2018-10-23,-2.03%
2018-10-24,1.55%
2018-10-25,2.23%
2018-10-26,-2.37%
2018-10-29,-3.51%
2018-10-30,2.69%
2018-10-31,0.08%
2018-11-01,0.98%
2018-11-02,3.73%
2018-11-05,-0.67%
2018-11-06,-0.36%
2018-11-07,-1.39%
2018-11-08,-0.63%
2018-11-09,-1.38%
2018-11-12,0.76%
2018-11-13,1.44%
2018-11-14,-1.56%
2018-11-15,2.36%
2018-11-16,1.13%
2018-11-19,1.70%
2018-11-20,-3.51%
2018-11-21,-0.01%
2018-11-22,-1.12%
2018-11-23,-2.06%
2018-11-26,0.13%
2018-11-27,0.09%
2018-11-28,1.72%
2018-11-29,-2.04%
2018-11-30,1.09%
2018-12-03,2.67%
2018-12-04,0.30%
2018-12-05,-1.21%
2018-12-06,-2.30%
2018-12-07,0.13%
2018-12-10,-1.46%
2018-12-11,0.27%
2018-12-12,0.47%
2018-12-13,1.17%
2018-12-14,-2.27%
2018-12-17,-0.17%
2018-12-18,-1.22%
2018-12-19,-0.93%
2018-12-20,-0.57%
2018-12-21,-1.57%
2018-12-24,-0.49%
2018-12-25,-1.17%
2018-12-26,-1.09%
2018-12-27,-0.33%
2018-12-28,0.32%
2019-01-02,-1.19%
2019-01-03,1.52%
2019-01-04,4.04%
2019-01-07,-0.45%
2019-01-08,-0.41%
2019-01-09,1.07%
2019-01-10,-0.22%
2019-01-11,0.72%
2019-01-14,-0.96%
2019-01-15,2.57%
2019-01-16,-0.18%
2019-01-17,-0.44%
2019-01-18,1.75%
2019-01-21,0.44%
2019-01-22,-1.47%
2019-01-23,-0.44%
2019-01-24,1.44%
2019-01-25,0.71%
2019-01-28,0.09%
2019-01-29,-0.23%
2019-01-30,-1.01%
2019-01-31,2.11%
2019-02-01,1.34%
2019-02-11,1.62%
2019-02-12,0.35%
2019-02-13,2.43%
2019-02-14,-0.25%
2019-02-15,-2.58%
2019-02-18,4.51%
2019-02-19,0.80%
2019-02-20,0.66%
2019-02-21,0.09%
2019-02-22,5.95%
2019-02-25,9.16%
2019-02-26,-2.78%
2019-02-27,-0.51%
2019-02-28,-2.12%
2019-03-01,3.43%
2019-03-04,0.43%
2019-03-05,-0.28%
2019-03-06,2.88%
2019-03-07,0.66%
2019-03-08,-6.17%
2019-03-11,0.84%
2019-03-12,0.81%
2019-03-13,0.22%
2019-03-14,-1.13%
2019-03-15,1.39%
2019-03-18,2.03%
2019-03-19,-0.48%
2019-03-20,1.22%
2019-03-21,0.51%
2019-03-22,-1.15%
2019-03-25,-3.54%
2019-03-26,-1.48%
2019-03-27,1.01%
2019-03-28,-1.06%
2019-03-29,6.20%
2019-04-01,2.06%
2019-04-02,0.21%
2019-04-03,3.01%
2019-04-04,0.35%
2019-04-08,-0.88%
2019-04-09,0.10%
2019-04-10,-0.42%
2019-04-11,-1.73%
2019-04-12,0.13%
2019-04-15,-0.21%
2019-04-16,3.36%
2019-04-17,-0.70%
2019-04-18,-0.24%
2019-04-19,2.20%
2019-04-22,-2.66%
2019-04-23,0.69%
2019-04-24,-0.13%
2019-04-25,-2.46%
2019-04-26,0.06%
2019-04-29,-0.08%
2019-04-30,-0.10%
2019-05-06,-7.88%
2019-05-07,0.55%
2019-05-08,-2.19%
2019-05-09,-2.19%
2019-05-10,5.20%
2019-05-13,-2.96%
2019-05-14,-0.71%
2019-05-15,2.30%
2019-05-16,0.20%
2019-05-17,-3.20%
2019-05-20,-0.21%
2019-05-21,1.05%
2019-05-22,-0.82%
2019-05-23,-1.55%
2019-05-24,0.64%
2019-05-27,1.76%
2019-05-28,0.68%
2019-05-29,1.26%
2019-05-30,-1.28%
2019-05-31,-0.49%
2019-06-03,0.19%
2019-06-04,-1.05%
2019-06-05,0.03%
2019-06-06,-0.70%
2019-06-10,0.75%
2019-06-11,3.91%
2019-06-12,-1.27%
2019-06-13,0.31%
2019-06-14,-1.38%
2019-06-17,0.47%
2019-06-18,0.55%
2019-06-19,2.49%
2019-06-20,5.71%
2019-06-21,0.59%
2019-06-24,0.03%
2019-06-25,-1.02%
2019-06-26,-1.06%
2019-06-27,1.60%
2019-06-28,0.11%
2019-07-01,2.94%
2019-07-02,-0.93%
2019-07-03,-1.28%
2019-07-04,-0.49%
2019-07-05,0.50%
2019-07-08,-2.69%
2019-07-09,-0.19%
2019-07-10,0.16%
2019-07-11,0.24%
2019-07-12,1.00%
2019-07-15,0.54%
2019-07-16,-0.86%
2019-07-17,-0.18%
2019-07-18,-0.73%
2019-07-19,1.78%
2019-07-22,-1.48%
2019-07-23,0.00%
2019-07-24,1.33%
2019-07-25,0.53%
2019-07-26,0.09%
2019-07-29,-1.08%
2019-07-30,0.94%
2019-07-31,-1.41%
2019-08-01,-0.94%
2019-08-02,-2.57%
2019-08-05,-1.96%
2019-08-06,-0.44%
2019-08-07,-1.30%
2019-08-08,1.29%
2019-08-09,-0.78%
2019-08-12,2.28%
2019-08-13,-1.65%
2019-08-14,0.07%
2019-08-15,0.69%
2019-08-16,0.72%
2019-08-19,3.88%
2019-08-20,-0.70%
2019-08-21,-0.18%
2019-08-22,0.16%
2019-08-23,0.97%
2019-08-26,-2.23%
2019-08-27,1.07%
2019-08-28,-1.19%
2019-08-29,-0.51%
2019-08-30,0.18%
2019-09-02,1.60%
2019-09-03,-0.06%
2019-09-04,0.94%
2019-09-05,1.94%
2019-09-06,1.22%
2019-09-09,0.38%
2019-09-10,-0.44%
2019-09-11,0.52%
2019-09-12,2.12%
2019-09-16,-1.39%
2019-09-17,-2.43%
2019-09-18,-0.09%
2019-09-19,0.17%
2019-09-20,-0.11%
2019-09-23,-1.35%
2019-09-24,-0.08%
2019-09-25,-0.46%
2019-09-26,-0.81%
2019-09-27,0.29%
2019-09-30,-1.85%
2019-10-08,0.32%
2019-10-09,0.27%
2019-10-10,0.52%
2019-10-11,1.68%
2019-10-14,1.09%
2019-10-15,-0.80%
2019-10-16,0.02%
2019-10-17,0.31%
2019-10-18,-2.21%
2019-10-21,-0.05%
2019-10-22,0.35%
2019-10-23,-0.82%
2019-10-24,0.28%
2019-10-25,-0.48%
2019-10-28,1.05%
2019-10-29,-1.33%
2019-10-30,-0.43%
2019-10-31,0.06%
2019-11-01,1.69%
2019-11-04,0.46%
2019-11-05,0.59%
2019-11-06,-0.57%
2019-11-07,0.15%
2019-11-08,-0.90%
2019-11-11,-1.40%
2019-11-12,0.19%
2019-11-13,-0.82%
2019-11-14,-0.08%
2019-11-15,-0.56%
2019-11-18,1.05%
2019-11-19,0.42%
2019-11-20,-1.35%
2019-11-21,-1.02%
2019-11-22,-0.99%
2019-11-25,0.72%
2019-11-26,0.07%
2019-11-27,-0.68%
2019-11-28,-0.38%
2019-11-29,-0.34%
2019-12-02,0.18%
2019-12-03,0.82%
2019-12-04,-0.31%
2019-12-05,1.21%
2019-12-06,0.24%
2019-12-09,-0.62%
2019-12-10,-0.14%
2019-12-11,0.40%
2019-12-12,-0.22%
2019-12-13,3.49%
2019-12-16,0.18%
2019-12-17,1.59%
2019-12-18,-0.03%
2019-12-19,-0.42%
2019-12-20,0.04%
2019-12-23,-2.01%
2019-12-24,0.57%
2019-12-25,-0.19%
2019-12-26,1.49%
2019-12-27,-0.92%
2019-12-30,3.80%
2019-12-31,-0.53%
2020-01-02,0.91%
2020-01-03,0.09%
2020-01-06,-0.45%
2020-01-07,0.70%
2020-01-08,-2.40%
2020-01-09,0.95%
2020-01-10,0.00%
2020-01-13,1.55%
2020-01-14,-0.54%
2020-01-15,-0.81%
2020-01-16,-0.57%
2020-01-17,0.50%
2020-01-20,1.56%
2020-01-21,-2.21%
2020-01-22,0.18%
2020-01-23,-3.40%
2020-02-03,-9.08%
2020-02-04,1.79%
2020-02-05,0.60%
2020-02-06,1.92%
2020-02-07,-0.21%
2020-02-10,0.02%
2020-02-11,0.42%
2020-02-12,0.76%
2020-02-13,-1.30%
2020-02-14,1.27%
2020-02-17,3.41%
2020-02-18,-0.85%
2020-02-19,0.26%
2020-02-20,4.08%
2020-02-21,-0.41%
2020-02-24,-1.04%
2020-02-25,0.04%
2020-02-26,-1.27%
2020-02-27,-0.01%
2020-02-28,-4.76%
2020-03-02,3.50%
2020-03-03,0.33%
2020-03-04,1.93%
2020-03-05,2.65%
2020-03-06,-2.72%
2020-03-09,-3.58%
2020-03-10,2.29%
2020-03-11,-2.18%
2020-03-12,-1.59%
2020-03-13,-1.62%
2020-03-16,-4.84%
2020-03-17,0.23%
2020-03-18,-2.92%
2020-03-19,-0.84%
2020-03-20,1.35%
2020-03-23,-3.53%
2020-03-24,2.70%
2020-03-25,2.02%
2020-03-26,-0.99%
2020-03-27,-0.03%
2020-03-30,-1.00%
2020-03-31,-0.31%
2020-04-01,-0.13%
2020-04-02,1.29%
2020-04-03,-1.33%
2020-04-07,1.93%
2020-04-08,-0.62%
2020-04-09,0.67%
2020-04-10,0.00%
2020-04-13,-0.87%
2020-04-14,1.98%
2020-04-15,-0.80%
2020-04-16,0.36%
2020-04-17,1.24%
2020-04-20,0.84%
2020-04-21,-1.59%
2020-04-22,0.00%
2020-04-23,-0.38%
2020-04-24,-1.84%
2020-04-27,0.44%
2020-04-28,1.36%
2020-04-29,1.31%
2020-04-30,1.36%
2020-05-06,-0.36%
2020-05-07,-0.78%
2020-05-08,0.73%
2020-05-11,0.16%
2020-05-12,-0.29%
2020-05-13,-0.21%
2020-05-14,-1.48%
2020-05-15,-0.04%
2020-05-18,-0.31%
2020-05-19,0.80%
2020-05-20,-0.25%
2020-05-21,-0.84%
2020-05-22,-2.87%
2020-05-25,-0.40%
2020-05-26,0.90%
2020-05-27,-0.51%
2020-05-28,1.36%
2020-05-29,-0.91%
2020-06-01,3.16%
2020-06-02,1.14%
2020-06-03,-0.07%
2020-06-04,-0.20%
2020-06-05,0.61%
2020-06-08,0.83%
2020-06-09,0.49%
2020-06-10,-1.04%
2020-06-11,-1.42%
2020-06-12,-0.28%
2020-06-15,-0.81%
2020-06-16,1.18%
2020-06-17,-0.41%
2020-06-18,0.81%
2020-06-19,2.02%
2020-06-22,1.26%
2020-06-23,0.20%
2020-06-24,0.26%
2020-06-29,-2.44%
2020-06-30,2.33%
2020-07-01,2.26%
2020-07-02,5.18%
2020-07-03,5.46%
2020-07-06,8.65%
2020-07-07,-1.86%
2020-07-08,5.04%
2020-07-09,0.56%
2020-07-10,-3.54%
2020-07-13,1.16%
2020-07-14,-0.55%
2020-07-15,-1.87%
2020-07-16,-5.14%
2020-07-17,-1.97%
2020-07-20,5.45%
2020-07-21,-1.67%
2020-07-22,0.14%
2020-07-23,-0.32%
2020-07-24,-5.16%
2020-07-27,-0.10%
2020-07-28,-0.07%
2020-07-29,3.12%
2020-07-30,-1.41%
2020-07-31,0.93%
2020-08-03,1.77%
2020-08-04,0.87%
2020-08-05,-1.05%
2020-08-06,2.19%
2020-08-07,-2.58%
2020-08-10,1.21%
2020-08-11,-2.36%
2020-08-12,-0.25%
2020-08-13,-0.04%
2020-08-14,2.08%
2020-08-17,4.49%
2020-08-18,-0.62%
2020-08-19,-2.32%
2020-08-20,-1.47%
2020-08-21,1.11%
2020-08-24,-0.63%
2020-08-25,0.09%
2020-08-26,-2.23%
2020-08-27,0.45%
2020-08-28,2.62%
2020-08-31,-1.17%
2020-09-01,0.41%
2020-09-02,-0.26%
2020-09-03,-0.84%
2020-09-04,-1.05%
2020-09-07,-2.07%
2020-09-08,2.38%
2020-09-09,-1.87%
2020-09-10,-0.95%
2020-09-11,0.45%
2020-09-14,0.54%
2020-09-15,0.70%
2020-09-16,-0.96%
2020-09-17,-0.41%
2020-09-18,5.16%
2020-09-21,-1.19%
2020-09-22,-1.06%
2020-09-23,-0.70%
2020-09-24,-1.35%
2020-09-25,1.21%
2020-09-28,0.14%
2020-09-29,-0.32%
2020-09-30,-0.98%
2020-10-09,1.72%
2020-10-12,3.71%
2020-10-13,-0.51%
2020-10-14,-0.84%
2020-10-15,-0.03%
2020-10-16,0.66%
2020-10-19,-0.64%
2020-10-20,-0.14%
2020-10-21,0.33%
2020-10-22,0.10%
2020-10-23,-0.52%
2020-10-26,-2.67%
2020-10-27,-0.42%
2020-10-28,-0.26%
2020-10-29,-0.04%
2020-10-30,-2.40%
2020-11-02,-1.00%
2020-11-03,2.50%
2020-11-04,-0.55%
2020-11-05,1.58%
2020-11-06,0.21%
2020-11-09,3.19%
2020-11-10,-0.80%
2020-11-11,-1.25%
2020-11-12,-0.95%
2020-11-13,-1.71%
2020-11-16,1.81%
2020-11-17,0.46%
2020-11-18,0.94%
2020-11-19,0.29%
2020-11-20,-0.52%
2020-11-23,1.80%
2020-11-24,-1.12%
2020-11-25,0.22%
2020-11-26,1.14%
2020-11-27,1.67%
2020-11-30,0.29%
2020-12-01,3.42%
2020-12-02,-0.42%
2020-12-03,-0.31%
2020-12-04,-0.91%
2020-12-07,-1.75%
2020-12-08,-0.78%
2020-12-09,-1.82%
2020-12-10,-0.30%
2020-12-11,-1.55%
2020-12-14,0.61%
2020-12-15,-0.59%
2020-12-16,-0.16%
2020-12-17,2.43%
2020-12-18,-1.24%
2020-12-21,0.22%
2020-12-22,-3.93%
2020-12-23,0.74%
2020-12-24,-0.80%
2020-12-25,0.02%
2020-12-28,0.40%
2020-12-29,0.62%
2020-12-30,1.19%
2020-12-31,3.24%
